city,year,density,employment,gdp,population,treated,post,revenue
Atlanta,2003,290,0.629761235,6.4523,4.267538,FALSE,FALSE,25.71394681
Atlanta,2004,295,0.635594724,6.5836,4.349712,FALSE,FALSE,23.85227887
Atlanta,2005,302,0.645613636,6.6998,4.455273,FALSE,FALSE,24.33239726
Atlanta,2006,313,0.648572952,6.5653,4.609096,FALSE,FALSE,23.81601733
Atlanta,2007,321,0.650976338,6.4184,4.737037,FALSE,FALSE,25.78690209
Atlanta,2008,328,0.63271238,6.0555,4.836218,FALSE,FALSE,22.18174553
Atlanta,2009,333,0.600781367,5.7764,4.906016,FALSE,FALSE,25.7081821
Atlanta,2010,337,0.590558549,5.753,4.968156,FALSE,FALSE,23.22029064
Atlanta,2011,341,0.5982675,5.7492,5.033419,FALSE,FALSE,24.57131808
Atlanta,2012,347,0.598513674,5.7735,5.112605,FALSE,FALSE,24.18796975
Atlanta,2013,351,0.607412811,5.8651,5.178791,FALSE,TRUE,26.28024225
Atlanta,2014,357,0.623222363,6.0394,5.259017,FALSE,TRUE,23.29140072
Atlanta,2015,363,0.634337033,6.2929,5.35087,FALSE,TRUE,25.58273319
Atlanta,2016,370,0.643080545,6.5105,5.450776,FALSE,TRUE,25.99959593
Atlanta,2017,375,0.652666144,6.6291,5.531341,FALSE,TRUE,27.92230085
Atlanta,2018,380,0.66506621,6.7605,5.602361,FALSE,TRUE,26.13785778
Atlanta,2019,385,0.670812908,6.9963,5.673412,FALSE,TRUE,27.5363981
Austin,2003,107,0.627387689,5.4565,1.385126,FALSE,FALSE,23.12711699
Austin,2004,109,0.627782259,5.5163,1.419395,FALSE,FALSE,24.30643972
Austin,2005,113,0.642677755,5.7135,1.462912,FALSE,FALSE,25.4092612
Austin,2006,118,0.647131371,6.0483,1.525171,FALSE,FALSE,24.29155415
Austin,2007,122,0.659858877,5.9667,1.587691,FALSE,FALSE,26.79779943
Austin,2008,127,0.655536029,5.8694,1.643931,FALSE,FALSE,26.57618535
Austin,2009,130,0.634587833,5.5871,1.692653,FALSE,FALSE,25.82281861
Austin,2010,134,0.625918649,5.7083,1.738015,FALSE,FALSE,26.41049804
Austin,2011,138,0.626501188,5.7133,1.791248,FALSE,FALSE,25.01831288
Austin,2012,142,0.628826105,5.7091,1.84548,FALSE,FALSE,25.78440551
Austin,2013,146,0.642597504,5.8467,1.894388,FALSE,TRUE,25.45973417
Austin,2014,151,0.650222333,5.9544,1.953824,FALSE,TRUE,26.50157743
Austin,2015,155,0.661080501,6.2628,2.013844,FALSE,TRUE,27.9236266
Austin,2016,160,0.669800718,6.3916,2.074099,FALSE,TRUE,27.10838325
Austin,2017,164,0.680892627,6.4869,2.127472,FALSE,TRUE,27.81197574
Austin,2018,168,0.696286286,6.6733,2.178466,FALSE,TRUE,28.07084416
Austin,2019,173,0.698346976,6.8369,2.240077,FALSE,TRUE,28.27181448
Boston,2003,605,0.672106887,7.2184,4.029984,FALSE,FALSE,21.50106093
Boston,2004,603,0.679105419,7.4318,4.017927,FALSE,FALSE,22.67518269
Boston,2005,601,0.689573185,7.5978,4.008175,FALSE,FALSE,22.08064104
Boston,2006,602,0.696898496,7.7692,4.013375,FALSE,FALSE,23.88304597
Boston,2007,605,0.712443864,7.9871,4.031971,FALSE,FALSE,25.88615698
Boston,2008,610,0.711198728,7.9854,4.065685,FALSE,FALSE,25.11031837
Boston,2009,617,0.688778062,7.8611,4.109103,FALSE,FALSE,23.9248875
Boston,2010,622,0.683308,8.14,4.147945,FALSE,FALSE,23.60151069
Boston,2011,629,0.687267788,8.1705,4.189869,FALSE,FALSE,23.96058179
Boston,2012,635,0.693081688,8.2851,4.234472,FALSE,FALSE,26.73564343
Boston,2013,642,0.702827026,8.2554,4.279585,FALSE,TRUE,25.32187945
Boston,2014,648,0.712833372,8.3255,4.320509,FALSE,TRUE,24.97297977
Boston,2015,653,0.739778367,8.706,4.350699,FALSE,TRUE,26.65482232
Boston,2016,657,0.748850258,8.8647,4.37881,FALSE,TRUE,28.99474268
Boston,2017,661,0.755262275,8.9807,4.408217,FALSE,TRUE,27.37159977
Boston,2018,664,0.765969442,9.318,4.423871,FALSE,TRUE,28.50243917
Boston,2019,666,0.76889692,9.6398,4.435908,FALSE,TRUE,28.72348337
Charlotte,2003,208,0.657455324,6.4046,1.410254,FALSE,FALSE,23.97661507
Charlotte,2004,213,0.657961733,6.6301,1.444315,FALSE,FALSE,23.58234645
Charlotte,2005,220,0.662340639,6.916,1.491977,FALSE,FALSE,24.86498497
Charlotte,2006,230,0.665250166,7.1506,1.555947,FALSE,FALSE,25.40165569
Charlotte,2007,239,0.669582961,6.977,1.621693,FALSE,FALSE,26.2126901
Charlotte,2008,247,0.651683884,7.2079,1.675501,FALSE,FALSE,26.61668287
Charlotte,2009,253,0.612997378,6.4335,1.71273,FALSE,FALSE,25.60214501
Charlotte,2010,256,0.60181951,6.0959,1.736951,FALSE,FALSE,24.65482707
Charlotte,2011,261,0.617809651,6.2848,1.767143,FALSE,FALSE,25.80945415
Charlotte,2012,266,0.620489603,6.5925,1.801948,FALSE,FALSE,24.67470112
Charlotte,2013,271,0.625390088,6.4325,1.838686,FALSE,TRUE,26.74767152
Charlotte,2014,277,0.638522703,6.5384,1.875642,FALSE,TRUE,26.43239374
Charlotte,2015,283,0.649528848,6.7627,1.916366,FALSE,TRUE,26.1376064
Charlotte,2016,289,0.65712402,6.8638,1.961161,FALSE,TRUE,27.27537002
Charlotte,2017,296,0.665385855,7.1003,2.004458,FALSE,TRUE,27.19475451
Charlotte,2018,301,0.672525716,7.0915,2.040661,FALSE,TRUE,28.6431795
Charlotte,2019,306,0.677097816,7.1719,2.075802,FALSE,TRUE,29.32967191
Chicago,2003,488,0.583434552,5.8385,9.233303,FALSE,FALSE,24.05928799
Chicago,2004,489,0.588102748,5.9834,9.260676,FALSE,FALSE,20.87761103
Chicago,2005,490,0.595955263,6.1024,9.276302,FALSE,FALSE,21.24361617
Chicago,2006,491,0.605264672,6.259,9.297749,FALSE,FALSE,22.65350675
Chicago,2007,493,0.61409393,6.3384,9.33714,FALSE,FALSE,23.69693958
Chicago,2008,496,0.608985296,6.1557,9.384555,FALSE,FALSE,24.34279301
Chicago,2009,498,0.584890839,5.9651,9.429498,FALSE,FALSE,23.46711498
Chicago,2010,500,0.577637506,6.0126,9.470661,FALSE,FALSE,21.26833618
Chicago,2011,502,0.587503798,6.0873,9.500919,FALSE,FALSE,23.37321134
Chicago,2012,503,0.592248598,6.2694,9.528134,FALSE,FALSE,24.94568011
Chicago,2013,504,0.600030764,6.2775,9.550227,FALSE,TRUE,24.65026943
Chicago,2014,505,0.609995204,6.4358,9.560285,FALSE,TRUE,25.66022018
Chicago,2015,504,0.624320547,6.6679,9.552351,FALSE,TRUE,25.29905113
Chicago,2016,504,0.633952685,6.7207,9.533732,FALSE,TRUE,25.69184529
Chicago,2017,502,0.638674149,6.8115,9.513947,FALSE,TRUE,26.44594833
Chicago,2018,501,0.646845685,7.0198,9.485403,FALSE,TRUE,27.18503324
Chicago,2019,499,0.648970593,7.1161,9.454282,FALSE,TRUE,27.31092356
Cincinnati,2003,213,0.61127112,5.3998,1.980442,FALSE,FALSE,23.03285633
Cincinnati,2004,214,0.615221342,5.4746,1.991467,FALSE,FALSE,22.56234052
Cincinnati,2005,216,0.620031048,5.5865,2.00334,FALSE,FALSE,23.96786778
Cincinnati,2006,217,0.620445805,5.59,2.018194,FALSE,FALSE,23.91612927
Cincinnati,2007,219,0.623637299,5.5981,2.032085,FALSE,FALSE,25.15723803
Cincinnati,2008,220,0.618185325,5.5213,2.042944,FALSE,FALSE,25.27448626
Cincinnati,2009,221,0.594780784,5.3656,2.055443,FALSE,FALSE,23.99884447
Cincinnati,2010,222,0.587050593,5.5068,2.0655,FALSE,FALSE,23.67254518
Cincinnati,2011,223,0.592390363,5.655,2.071715,FALSE,FALSE,23.81899484
Cincinnati,2012,224,0.595915422,5.7123,2.078795,FALSE,FALSE,25.17670871
Cincinnati,2013,225,0.599799307,5.7419,2.088767,FALSE,TRUE,25.10383903
Cincinnati,2014,226,0.606891233,5.8816,2.099363,FALSE,TRUE,25.10730903
Cincinnati,2015,227,0.615781813,6.0856,2.1092,FALSE,TRUE,26.00585865
Cincinnati,2016,228,0.622727444,6.3231,2.12008,FALSE,TRUE,25.86176492
Cincinnati,2017,230,0.630028729,6.3635,2.131652,FALSE,TRUE,27.49641965
Cincinnati,2018,231,0.638856673,6.4485,2.140909,FALSE,TRUE,26.74025799
Cincinnati,2019,232,0.639743835,6.6849,2.151891,FALSE,TRUE,28.85313783
Columbus,2003,149,0.656873462,5.3465,1.714318,FALSE,FALSE,24.37885742
Columbus,2004,151,0.657494717,5.468,1.734455,FALSE,FALSE,24.88577521
Columbus,2005,153,0.658182943,5.5565,1.755872,FALSE,FALSE,23.48237632
Columbus,2006,155,0.656810147,5.4786,1.781562,FALSE,FALSE,24.84149898
Columbus,2007,157,0.662035143,5.4847,1.805957,FALSE,FALSE,25.67222385
Columbus,2008,159,0.652229001,5.3264,1.829497,FALSE,FALSE,23.88742758
Columbus,2009,161,0.628929676,5.1734,1.851552,FALSE,FALSE,24.31891627
Columbus,2010,163,0.621988365,5.262,1.870371,FALSE,FALSE,24.80547742
Columbus,2011,164,0.629897896,5.3679,1.890327,FALSE,FALSE,23.80289574
Columbus,2012,166,0.637404734,5.5372,1.911619,FALSE,FALSE,25.94249872
Columbus,2013,168,0.643204623,5.6255,1.938649,FALSE,TRUE,26.82402218
Columbus,2014,171,0.648695941,5.7224,1.966476,FALSE,TRUE,25.46352753
Columbus,2015,173,0.654799211,5.8249,1.992536,FALSE,TRUE,27.04095106
Columbus,2016,175,0.66095116,5.9178,2.017494,FALSE,TRUE,25.73568231
Columbus,2017,178,0.663668433,5.9518,2.048095,FALSE,TRUE,27.25739072
Columbus,2018,180,0.668919396,5.9894,2.069638,FALSE,TRUE,25.96974983
Columbus,2019,182,0.668541385,6.1044,2.08938,FALSE,TRUE,29.00416251
Cuyahoga,2003,407,0.606125331,5.3328,2.13115,FALSE,FALSE,21.30235669
Cuyahoga,2004,406,0.610616722,5.4681,2.122934,FALSE,FALSE,21.26890589
Cuyahoga,2005,404,0.615348115,5.6264,2.111699,FALSE,FALSE,20.95323251
Cuyahoga,2006,401,0.623689456,5.6707,2.099415,FALSE,FALSE,23.37819414
Cuyahoga,2007,400,0.629311779,5.7033,2.091596,FALSE,FALSE,24.38247159
Cuyahoga,2008,399,0.624563212,5.6459,2.08511,FALSE,FALSE,20.64777149
Cuyahoga,2009,398,0.601172093,5.3378,2.081063,FALSE,FALSE,23.34361068
Cuyahoga,2010,397,0.598905986,5.4061,2.075476,FALSE,FALSE,23.98220527
Cuyahoga,2011,396,0.608962769,5.5158,2.069115,FALSE,FALSE,23.13946688
Cuyahoga,2012,395,0.618742306,5.5959,2.065018,FALSE,FALSE,22.01568393
Cuyahoga,2013,395,0.624269091,5.6134,2.067461,FALSE,TRUE,24.36675239
Cuyahoga,2014,395,0.628605475,5.7296,2.067793,FALSE,TRUE,23.69359073
Cuyahoga,2015,395,0.636234003,5.8343,2.064569,FALSE,TRUE,23.67009577
Cuyahoga,2016,394,0.642296001,5.8841,2.061358,FALSE,TRUE,23.3784592
Cuyahoga,2017,393,0.646166744,5.9373,2.05765,FALSE,TRUE,25.46918811
Cuyahoga,2018,393,0.656675468,6.0905,2.053841,FALSE,TRUE,26.19353267
Cuyahoga,2019,392,0.659434132,6.2383,2.049028,FALSE,TRUE,25.16732186
Dallas,2003,163,0.614425566,5.4912,5.73364,FALSE,FALSE,25.05333888
Dallas,2004,166,0.616424199,5.6777,5.825928,FALSE,FALSE,23.78959189
Dallas,2005,169,0.626163225,5.8436,5.937586,FALSE,FALSE,26.21827249
Dallas,2006,174,0.633115925,6.1049,6.105419,FALSE,FALSE,25.99609832
Dallas,2007,178,0.643367971,6.1559,6.244627,FALSE,FALSE,26.13029979
Dallas,2008,181,0.64333083,6.123,6.374616,FALSE,FALSE,26.37763566
Dallas,2009,185,0.617647421,5.6656,6.505404,FALSE,FALSE,26.75316507
Dallas,2010,188,0.609552351,5.7201,6.615837,FALSE,FALSE,26.77740533
Dallas,2011,192,0.619870287,5.8193,6.734417,FALSE,FALSE,26.97020916
Dallas,2012,195,0.62589859,5.8869,6.868536,FALSE,FALSE,26.91814099
Dallas,2013,199,0.634676818,5.9784,6.978443,FALSE,TRUE,27.2412167
Dallas,2014,202,0.643064126,6.0686,7.116183,FALSE,TRUE,28.17285358
Dallas,2015,207,0.652773847,6.1603,7.271382,FALSE,TRUE,28.17822878
Dallas,2016,211,0.660720197,6.2124,7.427825,FALSE,TRUE,28.96729446
Dallas,2017,215,0.665986704,6.2906,7.574432,FALSE,TRUE,28.30425351
Dallas,2018,219,0.675616419,6.4296,7.699468,FALSE,TRUE,26.61873159
Dallas,2019,222,0.678253468,6.5621,7.820162,FALSE,TRUE,30.44860894
Davidson,2003,104,0.698831521,5.8588,1.115296,FALSE,FALSE,27.3810841
Davidson,2004,106,0.70658068,6.0236,1.133971,FALSE,FALSE,26.08151589
Davidson,2005,108,0.713636116,6.0907,1.155659,FALSE,FALSE,25.88095777
Davidson,2006,111,0.718016804,6.1554,1.183262,FALSE,FALSE,26.14390817
Davidson,2007,113,0.719512619,6.0804,1.208828,FALSE,FALSE,26.29563089
Davidson,2008,115,0.70165736,6.1468,1.231899,FALSE,FALSE,26.47711692
Davidson,2009,117,0.66688801,6.1,1.251447,FALSE,FALSE,25.05930448
Davidson,2010,118,0.662561398,6.0884,1.267558,FALSE,FALSE,25.79673923
Davidson,2011,120,0.671149525,6.2175,1.285192,FALSE,FALSE,25.73887947
Davidson,2012,122,0.67998178,6.4845,1.308488,FALSE,FALSE,27.54939232
Davidson,2013,124,0.688260268,6.4883,1.331768,FALSE,TRUE,27.29797197
Davidson,2014,127,0.706423439,6.6491,1.355769,FALSE,TRUE,28.64848626
Davidson,2015,129,0.724126514,7.0899,1.380245,FALSE,TRUE,28.81915983
Davidson,2016,131,0.743780425,7.2041,1.403472,FALSE,TRUE,30.51365852
Davidson,2017,133,0.75901821,7.2915,1.423481,FALSE,TRUE,30.19246136
Davidson,2018,135,0.774216086,7.3509,1.44276,FALSE,TRUE,32.59065912
Davidson,2019,136,0.782092412,7.5634,1.459091,FALSE,TRUE,29.00216524
Denver,2003,105,0.661290591,6.2024,2.284876,FALSE,FALSE,24.88101907
Denver,2004,106,0.665251226,6.164,2.304818,FALSE,FALSE,26.63623647
Denver,2005,107,0.673500235,6.3277,2.332749,FALSE,FALSE,28.72677168
Denver,2006,109,0.676873078,6.3235,2.374194,FALSE,FALSE,26.18016651
Denver,2007,111,0.688210458,6.478,2.418686,FALSE,FALSE,26.9585717
Denver,2008,113,0.683285639,6.3399,2.463971,FALSE,FALSE,26.68550859
Denver,2009,115,0.654997157,6.0685,2.509417,FALSE,FALSE,27.82044998
Denver,2010,117,0.640998862,6.0731,2.554588,FALSE,FALSE,26.22658089
Denver,2011,119,0.642648586,6.0373,2.603261,FALSE,FALSE,27.37390541
Denver,2012,122,0.647142569,6.1135,2.650895,FALSE,FALSE,26.69088972
Denver,2013,124,0.657614751,6.2434,2.701454,FALSE,TRUE,26.19314115
Denver,2014,126,0.669277532,6.3692,2.755153,FALSE,TRUE,28.24448989
Denver,2015,129,0.681167418,6.5596,2.814383,FALSE,TRUE,28.95697055
Denver,2016,131,0.693316294,6.6076,2.858489,FALSE,TRUE,30.1346559
Denver,2017,133,0.70167549,6.7117,2.893661,FALSE,TRUE,29.12554389
Denver,2018,135,0.711908455,6.8911,2.933991,FALSE,TRUE,29.11156114
Denver,2019,136,0.712975296,7.1435,2.964811,FALSE,TRUE,30.75569665
Detroit,2003,443,0.55678381,5.5834,4.512545,FALSE,FALSE,21.04200178
Detroit,2004,443,0.557717373,5.5638,4.505879,FALSE,FALSE,21.27326618
Detroit,2005,441,0.563298434,5.6222,4.491683,FALSE,FALSE,21.26908841
Detroit,2006,439,0.559577329,5.4396,4.471466,FALSE,FALSE,22.48550299
Detroit,2007,436,0.56260877,5.4143,4.43941,FALSE,FALSE,21.93223366
Detroit,2008,433,0.554144834,5.0363,4.402396,FALSE,FALSE,23.19732845
Detroit,2009,430,0.521065082,4.6421,4.37525,FALSE,FALSE,21.7818341
Detroit,2010,428,0.523650801,4.9087,4.355011,FALSE,FALSE,21.84736016
Detroit,2011,428,0.540024647,5.0369,4.355029,FALSE,FALSE,20.11360614
Detroit,2012,429,0.548930941,5.223,4.363558,FALSE,FALSE,22.84220717
Detroit,2013,429,0.558485107,5.323,4.367676,FALSE,TRUE,23.089553
Detroit,2014,430,0.567830001,5.3913,4.373205,FALSE,TRUE,23.86437173
Detroit,2015,429,0.579545842,5.5979,4.371209,FALSE,TRUE,24.6686674
Detroit,2016,430,0.587442814,5.7035,4.378067,FALSE,TRUE,23.62396852
Detroit,2017,431,0.594488565,5.6931,4.383795,FALSE,TRUE,25.12147395
Detroit,2018,431,0.60476,5.7466,4.386092,FALSE,TRUE,24.12185778
Detroit,2019,431,0.607077061,5.7521,4.382017,FALSE,TRUE,26.87333486
Fresno,2003,46,0.474996709,3.6377,0.979931,FALSE,FALSE,19.21966398
Fresno,2004,47,0.473424095,3.7475,0.998141,FALSE,FALSE,19.07704564
Fresno,2005,48,0.476325136,3.7722,1.012783,FALSE,FALSE,19.45111239
Fresno,2006,49,0.482199236,3.8976,1.027484,FALSE,FALSE,20.61880669
Fresno,2007,49,0.485819578,3.8559,1.042,FALSE,FALSE,20.60772037
Fresno,2008,50,0.473921752,3.6917,1.057989,FALSE,FALSE,23.54475982
Fresno,2009,51,0.450658067,3.6235,1.070712,FALSE,FALSE,21.04796681
Fresno,2010,51,0.441613567,3.7196,1.083017,FALSE,FALSE,20.19840757
Fresno,2011,51,0.443216651,3.8006,1.090936,FALSE,FALSE,22.96436548
Fresno,2012,52,0.455360262,3.6942,1.096299,FALSE,FALSE,21.53079643
Fresno,2013,52,0.468519772,3.8285,1.102438,FALSE,TRUE,21.41131792
Fresno,2014,53,0.474050882,3.8893,1.113429,FALSE,TRUE,23.860601
Fresno,2015,53,0.478798258,3.912,1.122337,FALSE,TRUE,23.90381619
Fresno,2016,53,0.487277474,4.0032,1.129925,FALSE,TRUE,23.26227522
Fresno,2017,54,0.492391242,4.1132,1.139805,FALSE,TRUE,25.48247553
Fresno,2018,54,0.500893549,4.1505,1.147671,FALSE,TRUE,24.56566233
Fresno,2019,55,0.508553878,4.2486,1.154564,FALSE,TRUE,26.45264873
Hartford,2003,293,0.637827562,6.5008,1.179394,FALSE,FALSE,23.73236141
Hartford,2004,294,0.645640768,6.972,1.182605,FALSE,FALSE,25.54863689
Hartford,2005,295,0.652615602,7.0254,1.187929,FALSE,FALSE,24.43164973
Hartford,2006,296,0.659217994,7.3048,1.193725,FALSE,FALSE,23.65608096
Hartford,2007,298,0.669172518,7.6737,1.198395,FALSE,FALSE,27.99837406
Hartford,2008,299,0.670367707,7.5274,1.204436,FALSE,FALSE,25.06429102
Hartford,2009,300,0.649129798,7.5116,1.209604,FALSE,FALSE,25.32630047
Hartford,2010,302,0.638034561,7.4661,1.21408,FALSE,FALSE,24.8229676
Hartford,2011,302,0.646418044,7.3595,1.216165,FALSE,FALSE,25.51892968
Hartford,2012,302,0.651148479,7.3876,1.215477,FALSE,FALSE,26.25151052
Hartford,2013,302,0.657230354,7.1616,1.215058,FALSE,TRUE,26.25967586
Hartford,2014,302,0.664530353,7.3054,1.214241,FALSE,TRUE,27.15209256
Hartford,2015,301,0.671319689,7.8422,1.212187,FALSE,TRUE,29.11217203
Hartford,2016,300,0.675151459,7.9137,1.208908,FALSE,TRUE,27.52625907
Hartford,2017,300,0.677787027,8.0286,1.207335,FALSE,TRUE,26.75983162
Hartford,2018,300,0.682854451,8.0158,1.206733,FALSE,TRUE,27.05899742
Hartford,2019,299,0.682058216,8.0671,1.204752,FALSE,TRUE,27.82632062
Houston,2003,174,0.576329764,5.497,5.125779,FALSE,FALSE,22.13009969
Houston,2004,177,0.575740031,5.9204,5.223123,FALSE,FALSE,25.2363521
Houston,2005,181,0.584512052,6.0731,5.324708,FALSE,FALSE,24.3630969
Houston,2006,187,0.588192575,6.4053,5.514869,FALSE,FALSE,25.11143363
Houston,2007,191,0.597662053,6.7907,5.632976,FALSE,FALSE,26.11391881
Houston,2008,196,0.605162837,6.534,5.768882,FALSE,FALSE,24.73767184
Houston,2009,201,0.58569675,6.1415,5.918515,FALSE,FALSE,24.80914889
Houston,2010,205,0.574553016,6.4084,6.039977,FALSE,FALSE,26.65060308
Houston,2011,209,0.58258448,6.679,6.149182,FALSE,FALSE,27.15273793
Houston,2012,213,0.591370001,6.8214,6.276316,FALSE,FALSE,26.53360279
Houston,2013,218,0.598916988,6.926,6.420611,FALSE,TRUE,29.16837282
Houston,2014,224,0.604682183,6.8065,6.592951,FALSE,TRUE,26.18070995
Houston,2015,230,0.603935237,6.8548,6.765742,FALSE,TRUE,27.35357084
Houston,2016,234,0.591058009,6.5321,6.902803,FALSE,TRUE,27.16463829
Houston,2017,238,0.600558294,6.6006,6.997384,FALSE,TRUE,24.97191115
Houston,2018,240,0.612832057,6.8159,7.074922,FALSE,TRUE,30.2700195
Houston,2019,243,0.617344509,6.6583,7.164988,FALSE,TRUE,28.78563633
Indianapolis,2003,164,0.636083206,5.8431,1.713922,FALSE,FALSE,23.01864399
Indianapolis,2004,166,0.639018953,6.052,1.735249,FALSE,FALSE,26.54819416
Indianapolis,2005,168,0.641691643,6.0206,1.757676,FALSE,FALSE,25.27316732
Indianapolis,2006,171,0.642558089,6.0869,1.785395,FALSE,FALSE,25.37455711
Indianapolis,2007,174,0.646346345,6.2081,1.811241,FALSE,FALSE,24.68605876
Indianapolis,2008,176,0.639878434,6.2903,1.835047,FALSE,FALSE,25.58964214
Indianapolis,2009,178,0.611088479,6.2322,1.858199,FALSE,FALSE,23.7241071
Indianapolis,2010,180,0.605010618,6.3248,1.877453,FALSE,FALSE,26.2465136
Indianapolis,2011,182,0.611705461,6.2928,1.895816,FALSE,FALSE,25.31756832
Indianapolis,2012,184,0.618767941,6.2462,1.914957,FALSE,FALSE,26.05642871
Indianapolis,2013,186,0.62327924,6.3577,1.939041,FALSE,TRUE,27.4818566
Indianapolis,2014,188,0.630296293,6.442,1.956675,FALSE,TRUE,26.92380048
Indianapolis,2015,189,0.640740964,6.335,1.971917,FALSE,TRUE,27.12097644
Indianapolis,2016,191,0.649007437,6.4391,1.99282,FALSE,TRUE,27.52947163
Indianapolis,2017,193,0.657041791,6.4182,2.013948,FALSE,TRUE,26.78568763
Indianapolis,2018,195,0.662083935,6.581,2.038231,FALSE,TRUE,28.76837905
Indianapolis,2019,197,0.662948496,6.7038,2.05827,FALSE,TRUE,29.79615616
Jackson,2003,94,0.649410188,5.5148,1.804559,FALSE,FALSE,25.39414253
Jackson,2004,95,0.652333659,5.5566,1.821367,FALSE,FALSE,25.79452416
Jackson,2005,96,0.656476896,5.6443,1.838118,FALSE,FALSE,24.36744296
Jackson,2006,97,0.66005962,5.7483,1.859782,FALSE,FALSE,24.72306168
Jackson,2007,98,0.669100212,5.8342,1.881754,FALSE,FALSE,24.54480355
Jackson,2008,99,0.663602753,5.8851,1.900075,FALSE,FALSE,27.39814842
Jackson,2009,100,0.638366177,5.7151,1.920379,FALSE,FALSE,25.62626169
Jackson,2010,101,0.623239042,5.5956,1.937937,FALSE,FALSE,27.16664004
Jackson,2011,101,0.62849845,5.5438,1.949685,FALSE,FALSE,25.20377835
Jackson,2012,102,0.63184109,5.7427,1.962571,FALSE,FALSE,25.98379543
Jackson,2013,103,0.637035273,5.766,1.977801,FALSE,TRUE,26.80066611
Jackson,2014,104,0.644894041,5.8795,1.992946,FALSE,TRUE,28.03372647
Jackson,2015,105,0.653864243,6.0857,2.009281,FALSE,TRUE,27.6863158
Jackson,2016,106,0.659586408,6.027,2.029587,FALSE,TRUE,28.04574555
Jackson,2017,107,0.661869433,6.0891,2.049584,FALSE,TRUE,28.13833606
Jackson,2018,108,0.665959977,6.1539,2.067387,FALSE,TRUE,28.61020299
Jackson,2019,108,0.66393172,6.2885,2.080845,FALSE,TRUE,27.63094449
Jacksonville,2003,95,0.580517537,4.8731,1.275927,FALSE,FALSE,22.97193678
Jacksonville,2004,97,0.583413542,4.9854,1.308043,FALSE,FALSE,23.04882054
Jacksonville,2005,99,0.590380373,5.0969,1.335478,FALSE,FALSE,23.57294709
Jacksonville,2006,101,0.597621738,5.1605,1.369992,FALSE,FALSE,24.4745028
Jacksonville,2007,103,0.596012791,5.1747,1.396616,FALSE,FALSE,23.48617988
Jacksonville,2008,105,0.580628371,4.9158,1.414006,FALSE,FALSE,23.81020671
Jacksonville,2009,106,0.551138339,4.6868,1.42664,FALSE,FALSE,23.17159688
Jacksonville,2010,107,0.542138868,4.6123,1.441033,FALSE,FALSE,23.88604835
Jacksonville,2011,108,0.547637219,4.5019,1.45443,FALSE,FALSE,24.41317111
Jacksonville,2012,109,0.547978645,4.5048,1.469831,FALSE,FALSE,22.87685655
Jacksonville,2013,110,0.553261088,4.5892,1.485409,FALSE,TRUE,24.77018849
Jacksonville,2014,112,0.559831127,4.6346,1.50883,FALSE,TRUE,26.57310046
Jacksonville,2015,114,0.56778369,4.7909,1.538165,FALSE,TRUE,23.49025542
Jacksonville,2016,116,0.576083979,4.8897,1.56991,FALSE,TRUE,24.53252785
Jacksonville,2017,119,0.593091306,4.9701,1.600042,FALSE,TRUE,24.96693436
Jacksonville,2018,121,0.599676628,5.0385,1.629083,FALSE,TRUE,25.91351574
Jacksonville,2019,123,0.600033771,5.1841,1.658215,FALSE,TRUE,28.15703542
Las Vegas,2003,17,0.589790876,5.0737,1.624057,FALSE,FALSE,24.15100631
Las Vegas,2004,18,0.603956324,5.4135,1.704461,FALSE,FALSE,24.18728187
Las Vegas,2005,19,0.623254034,5.7448,1.774161,FALSE,FALSE,26.29786779
Las Vegas,2006,19,0.629431782,5.8147,1.851033,FALSE,FALSE,25.45276958
Las Vegas,2007,20,0.62280909,5.7436,1.916955,FALSE,FALSE,27.23520452
Las Vegas,2008,21,0.601005086,5.43,1.961822,FALSE,FALSE,26.03082116
Las Vegas,2009,21,0.552761326,4.8936,1.989099,FALSE,FALSE,26.15231767
Las Vegas,2010,21,0.536523167,4.7988,2.001839,FALSE,FALSE,23.9918677
Las Vegas,2011,21,0.543881612,4.7953,2.011412,FALSE,FALSE,27.9840656
Las Vegas,2012,21,0.544616277,4.7025,2.038617,FALSE,FALSE,25.90451042
Las Vegas,2013,22,0.553247359,4.7179,2.065971,FALSE,TRUE,26.06594867
Las Vegas,2014,22,0.564337797,4.7373,2.102007,FALSE,TRUE,25.74042552
Las Vegas,2015,22,0.574805857,4.931,2.145975,FALSE,TRUE,25.61350795
Las Vegas,2016,23,0.585361118,5.0015,2.188678,FALSE,TRUE,25.88492866
Las Vegas,2017,23,0.591887204,5.0256,2.232498,FALSE,TRUE,26.94061847
Las Vegas,2018,24,0.602854632,5.1897,2.279523,FALSE,TRUE,26.79098194
Las Vegas,2019,24,0.604613241,5.3367,2.327908,FALSE,TRUE,28.25650008
Los Angeles,2003,194,0.538697358,5.1166,16.314292,FALSE,FALSE,23.66879905
Los Angeles,2004,197,0.544885532,5.2497,16.490581,FALSE,FALSE,25.52491477
Los Angeles,2005,198,0.552615305,5.3758,16.602137,FALSE,FALSE,26.29411362
Los Angeles,2006,199,0.562520029,5.5587,16.656726,FALSE,FALSE,25.14439179
Los Angeles,2007,199,0.570488987,5.6024,16.699332,FALSE,FALSE,27.39771196
Los Angeles,2008,200,0.557611849,5.5651,16.806187,FALSE,FALSE,25.96137547
Los Angeles,2009,202,0.529642943,5.3071,16.935262,FALSE,FALSE,26.91294978
Los Angeles,2010,204,0.520091347,5.3915,17.080388,FALSE,FALSE,26.34598075
Los Angeles,2011,205,0.527169381,5.3946,17.218335,FALSE,FALSE,27.33771266
Los Angeles,2012,207,0.542685506,5.4431,17.343955,FALSE,FALSE,25.67412587
Los Angeles,2013,208,0.556368584,5.5273,17.460639,FALSE,TRUE,27.03712274
Los Angeles,2014,210,0.570868355,5.6264,17.573556,FALSE,TRUE,29.08107793
Los Angeles,2015,211,0.585106316,5.8705,17.685215,FALSE,TRUE,27.64629094
Los Angeles,2016,212,0.594168554,5.9705,17.76815,FALSE,TRUE,26.64499305
Los Angeles,2017,213,0.600623105,6.1399,17.829429,FALSE,TRUE,27.18977721
Los Angeles,2018,213,0.614904438,6.3002,17.84596,FALSE,TRUE,27.17137577
Los Angeles,2019,213,0.62042425,6.5151,17.825301,FALSE,TRUE,28.0463409
Memphis,2003,111,0.604466213,5.2008,1.211138,FALSE,FALSE,22.92916303
Memphis,2004,112,0.606416022,5.2495,1.222128,FALSE,FALSE,24.88807068
Memphis,2005,113,0.609996015,5.3153,1.234572,FALSE,FALSE,23.474632
Memphis,2006,115,0.615519849,5.3448,1.253672,FALSE,FALSE,24.52901692
Memphis,2007,115,0.62292451,5.231,1.263617,FALSE,FALSE,24.28022907
Memphis,2008,116,0.617079383,5.0954,1.271697,FALSE,FALSE,24.38252447
Memphis,2009,117,0.593041175,4.9472,1.278348,FALSE,FALSE,23.94147502
Memphis,2010,118,0.588083993,4.9292,1.286488,FALSE,FALSE,24.04658112
Memphis,2011,118,0.596541227,4.9398,1.293349,FALSE,FALSE,25.00543541
Memphis,2012,119,0.59687774,5.1107,1.301429,FALSE,FALSE,23.73709184
Memphis,2013,119,0.59981448,5.1808,1.302286,FALSE,TRUE,26.23164279
Memphis,2014,119,0.609781767,5.1615,1.303609,FALSE,TRUE,26.45097983
Memphis,2015,119,0.619647919,5.3453,1.304983,FALSE,TRUE,25.84614486
Memphis,2016,119,0.63010767,5.3914,1.306956,FALSE,TRUE,27.22587951
Memphis,2017,120,0.635191517,5.3968,1.309361,FALSE,TRUE,25.97950934
Memphis,2018,120,0.643841643,5.3823,1.313865,FALSE,TRUE,26.43926517
Memphis,2019,120,0.647227425,5.4195,1.316718,FALSE,TRUE,27.41333636
Miami,2003,337,0.559716919,4.8409,5.398311,TRUE,FALSE,21.16695178
Miami,2004,341,0.567877998,5.0429,5.476097,TRUE,FALSE,21.39580422
Miami,2005,346,0.582688284,5.2493,5.55306,TRUE,FALSE,21.74014942
Miami,2006,347,0.595875475,5.3839,5.57155,TRUE,FALSE,22.35541254
Miami,2007,347,0.607066989,5.436,5.566529,TRUE,FALSE,24.24741876
Miami,2008,349,0.593350029,5.1498,5.599002,TRUE,FALSE,21.08854106
Miami,2009,352,0.565186465,4.8296,5.65013,TRUE,FALSE,22.87487144
Miami,2010,357,0.559552504,4.8806,5.730372,TRUE,FALSE,22.42863102
Miami,2011,363,0.569720442,4.7805,5.816386,TRUE,FALSE,23.58599755
Miami,2012,368,0.576697649,4.7504,5.895122,TRUE,FALSE,23.60158317
Miami,2013,373,0.589110437,4.8223,5.974418,TRUE,TRUE,21.39788098
Miami,2014,377,0.607705672,4.9326,6.047597,TRUE,TRUE,25.29067586
Miami,2015,382,0.627743685,5.1516,6.12543,TRUE,TRUE,25.6700375
Miami,2016,387,0.633005953,5.2546,6.213564,TRUE,TRUE,26.11011152
Miami,2017,391,0.645100926,5.3869,6.27537,TRUE,TRUE,26.36322444
Miami,2018,393,0.66834268,5.5418,6.301263,TRUE,TRUE,28.53519642
Miami,2019,394,0.672717736,5.6696,6.326099,TRUE,TRUE,27.82737829
Milwaukee,2003,393,0.652329402,5.5672,1.519746,FALSE,FALSE,23.45807975
Milwaukee,2004,394,0.657121911,5.645,1.522302,FALSE,FALSE,22.51581017
Milwaukee,2005,394,0.662223437,5.8199,1.522391,FALSE,FALSE,24.52700258
Milwaukee,2006,394,0.668992268,5.9407,1.523907,FALSE,FALSE,22.00802179
Milwaukee,2007,396,0.674471346,5.9487,1.530492,FALSE,FALSE,21.29514581
Milwaukee,2008,398,0.670682316,5.7831,1.538232,FALSE,FALSE,23.73718365
Milwaukee,2009,401,0.639047298,5.6686,1.549613,FALSE,FALSE,23.54422537
Milwaukee,2010,403,0.630313456,5.7403,1.556708,FALSE,FALSE,22.8717977
Milwaukee,2011,404,0.636819747,5.7991,1.561423,FALSE,FALSE,21.63007321
Milwaukee,2012,405,0.638303736,5.8356,1.567445,FALSE,FALSE,22.96846389
Milwaukee,2013,407,0.645392945,5.8372,1.572002,FALSE,TRUE,24.30625097
Milwaukee,2014,407,0.650917964,5.8397,1.575389,FALSE,TRUE,23.7765661
Milwaukee,2015,408,0.657866033,5.9814,1.576894,FALSE,TRUE,24.26294744
Milwaukee,2016,408,0.662404965,6.0335,1.576522,FALSE,TRUE,24.51129027
Milwaukee,2017,407,0.667270095,6.01,1.575443,FALSE,TRUE,23.99857227
Milwaukee,2018,407,0.675392408,6.1242,1.57553,FALSE,TRUE,24.81283312
Milwaukee,2019,408,0.674213211,6.2388,1.577455,FALSE,TRUE,24.21030977
Minneapolis,2003,173,0.691347437,6.2879,3.093407,FALSE,FALSE,27.3141294
Minneapolis,2004,175,0.695961526,6.5035,3.121253,FALSE,FALSE,25.52969566
Minneapolis,2005,176,0.703746391,6.6832,3.147749,FALSE,FALSE,26.95291858
Minneapolis,2006,178,0.707256707,6.5691,3.182201,FALSE,FALSE,25.57079767
Minneapolis,2007,180,0.709572699,6.5937,3.216867,FALSE,FALSE,27.62901855
Minneapolis,2008,182,0.700340186,6.4614,3.248517,FALSE,FALSE,24.90786934
Minneapolis,2009,183,0.671625371,6.2264,3.277805,FALSE,FALSE,27.31803664
Minneapolis,2010,185,0.66462709,6.343,3.302482,FALSE,FALSE,26.57983818
Minneapolis,2011,187,0.673032564,6.4302,3.336372,FALSE,FALSE,29.10509127
Minneapolis,2012,189,0.674988402,6.4926,3.369249,FALSE,FALSE,25.96315291
Minneapolis,2013,191,0.679966349,6.6012,3.404342,FALSE,TRUE,27.7046808
Minneapolis,2014,193,0.68480705,6.7799,3.439931,FALSE,TRUE,28.4224508
Minneapolis,2015,194,0.693002685,6.9224,3.467773,FALSE,TRUE,29.7268515
Minneapolis,2016,196,0.696386199,6.967,3.50296,FALSE,TRUE,28.34571412
Minneapolis,2017,198,0.699201039,6.9943,3.539846,FALSE,TRUE,29.10586064
Minneapolis,2018,200,0.703188461,7.1612,3.573291,FALSE,TRUE,27.28031496
Minneapolis,2019,202,0.699786767,7.1625,3.601227,FALSE,TRUE,28.74067276
New Haven,2003,526,0.602585543,6.975,1.738281,FALSE,FALSE,21.61033152
New Haven,2004,528,0.611772716,7.3657,1.741977,FALSE,FALSE,22.95289427
New Haven,2005,528,0.61714795,7.5119,1.744815,FALSE,FALSE,21.98283111
New Haven,2006,529,0.625337182,7.755,1.746461,FALSE,FALSE,24.85854566
New Haven,2007,530,0.637476757,7.9934,1.751096,FALSE,FALSE,25.14536738
New Haven,2008,533,0.635508843,8.0749,1.760446,FALSE,FALSE,23.5548272
New Haven,2009,536,0.616520922,7.6782,1.770446,FALSE,FALSE,20.73904733
New Haven,2010,540,0.607580679,7.5439,1.782769,FALSE,FALSE,21.2910297
New Haven,2011,543,0.616306925,7.1938,1.792073,FALSE,FALSE,22.22566808
New Haven,2012,545,0.620167498,7.3547,1.800025,FALSE,FALSE,24.51233404
New Haven,2013,546,0.627743974,7.2582,1.803224,FALSE,TRUE,23.89737317
New Haven,2014,547,0.632479436,7.2467,1.807673,FALSE,TRUE,21.73266464
New Haven,2015,547,0.641284972,7.4366,1.805829,FALSE,TRUE,24.09769964
New Haven,2016,546,0.64779801,7.4924,1.803255,FALSE,TRUE,26.28579468
New Haven,2017,546,0.64610933,7.5436,1.801952,FALSE,TRUE,24.52734862
New Haven,2018,546,0.651445901,7.6781,1.802406,FALSE,TRUE,24.55310726
New Haven,2019,545,0.647889619,7.7574,1.798206,FALSE,TRUE,27.6013143
New Orleans,2003,112,0.573532301,4.8158,1.343872,FALSE,FALSE,22.65484755
New Orleans,2004,113,0.570786674,4.9751,1.35647,FALSE,FALSE,22.44070385
New Orleans,2005,114,0.506127338,5.3188,1.36503,FALSE,FALSE,22.92583755
New Orleans,2006,85,0.627736732,6.9625,1.018231,FALSE,FALSE,26.18470676
New Orleans,2007,90,0.635464871,6.6676,1.074201,FALSE,FALSE,25.71810451
New Orleans,2008,93,0.633433776,7.0044,1.113736,FALSE,FALSE,27.85590383
New Orleans,2009,96,0.615552749,6.4974,1.145611,FALSE,FALSE,27.21486795
New Orleans,2010,98,0.609628941,7.3349,1.173317,FALSE,FALSE,27.89470684
New Orleans,2011,100,0.604483983,5.957,1.192422,FALSE,FALSE,25.69580716
New Orleans,2012,101,0.609922978,6.0088,1.205626,FALSE,FALSE,27.26322355
New Orleans,2013,102,0.616661674,5.6495,1.218485,FALSE,TRUE,25.98920924
New Orleans,2014,103,0.623840316,5.6629,1.228029,FALSE,TRUE,26.80442049
New Orleans,2015,104,0.629889963,5.6239,1.23958,FALSE,TRUE,27.60407261
New Orleans,2016,104,0.631115174,5.4921,1.247205,FALSE,TRUE,27.46627921
New Orleans,2017,104,0.630894109,5.9005,1.250083,FALSE,TRUE,29.05409437
New Orleans,2018,104,0.639466257,6.0048,1.25079,FALSE,TRUE,28.12779807
New Orleans,2019,105,0.641791986,5.9693,1.252934,FALSE,TRUE,26.17696952
New York,2003,805,0.546525444,6.5735,19.21972,FALSE,FALSE,19.13283184
New York,2004,805,0.55463642,6.7394,19.227477,FALSE,FALSE,22.11920477
New York,2005,804,0.564088099,6.9051,19.204252,FALSE,FALSE,20.93724218
New York,2006,803,0.5748266,7.1139,19.179904,FALSE,FALSE,22.21338985
New York,2007,805,0.589423239,7.202,19.21732,FALSE,FALSE,21.4390816
New York,2008,809,0.591514687,7.0356,19.320396,FALSE,FALSE,23.32397707
New York,2009,814,0.575682795,7.0917,19.450319,FALSE,FALSE,21.95187198
New York,2010,820,0.573519339,7.3042,19.575312,FALSE,FALSE,24.13291978
New York,2011,825,0.585887857,7.2405,19.70537,FALSE,FALSE,22.40600143
New York,2012,829,0.590957889,7.5364,19.800509,FALSE,FALSE,24.58906677
New York,2013,832,0.600750031,7.6104,19.876242,FALSE,TRUE,24.52468724
New York,2014,835,0.613603186,7.7712,19.931492,FALSE,TRUE,23.62984355
New York,2015,836,0.627216711,8.0026,19.971539,FALSE,TRUE,26.04995202
New York,2016,837,0.637223182,8.2513,19.986776,FALSE,TRUE,24.61557477
New York,2017,837,0.645589964,8.3624,19.978805,FALSE,TRUE,25.1094211
New York,2018,835,0.662353116,8.6626,19.947064,FALSE,TRUE,27.3775408
New York,2019,833,0.669697484,8.9247,19.892982,FALSE,TRUE,26.59652224
Oklahoma,2003,79,0.62898611,4.4769,1.101293,FALSE,FALSE,22.60421092
Oklahoma,2004,80,0.636720704,4.647,1.11158,FALSE,FALSE,23.31637039
Oklahoma,2005,81,0.640758246,4.869,1.126442,FALSE,FALSE,23.1296458
Oklahoma,2006,82,0.643900163,5.1559,1.14667,FALSE,FALSE,25.70039918
Oklahoma,2007,83,0.64822307,5.1722,1.163439,FALSE,FALSE,25.5318033
Oklahoma,2008,84,0.652153128,5.6838,1.179772,FALSE,FALSE,25.61184408
Oklahoma,2009,86,0.630441085,5.1337,1.20045,FALSE,FALSE,24.94102246
Oklahoma,2010,87,0.624136586,5.2419,1.220446,FALSE,FALSE,25.7272566
Oklahoma,2011,89,0.629686279,5.4327,1.239603,FALSE,FALSE,27.49196456
Oklahoma,2012,90,0.63816039,5.5619,1.26005,FALSE,FALSE,27.03237762
Oklahoma,2013,92,0.642082012,5.7042,1.282087,FALSE,TRUE,26.03403969
Oklahoma,2014,93,0.644146708,5.9126,1.298167,FALSE,TRUE,27.75114069
Oklahoma,2015,94,0.643223344,5.5212,1.318556,FALSE,TRUE,26.65095396
Oklahoma,2016,96,0.639089113,5.3296,1.334479,FALSE,TRUE,26.51440819
Oklahoma,2017,96,0.63977165,5.5124,1.342851,FALSE,TRUE,28.97483123
Oklahoma,2018,97,0.644479444,5.7064,1.354954,FALSE,TRUE,27.13738243
Oklahoma,2019,98,0.639260855,5.502,1.370123,FALSE,TRUE,27.00409563
Orange,2003,174,0.61892176,5.0266,1.811544,FALSE,FALSE,21.01474694
Orange,2004,180,0.628215457,5.2038,1.878077,FALSE,FALSE,22.02390914
Orange,2005,188,0.639510092,5.3854,1.955794,FALSE,FALSE,24.34889496
Orange,2006,194,0.645309514,5.3956,2.020057,FALSE,FALSE,23.44819803
Orange,2007,197,0.651479567,5.4446,2.057865,FALSE,FALSE,24.9673967
Orange,2008,200,0.630435418,5.1844,2.087489,FALSE,FALSE,22.99433614
Orange,2009,203,0.593653065,4.8514,2.111917,FALSE,FALSE,22.71711075
Orange,2010,205,0.58633656,4.7887,2.139227,FALSE,FALSE,24.19040366
Orange,2011,209,0.595248718,4.6768,2.176297,FALSE,FALSE,25.15339285
Orange,2012,213,0.599900273,4.6978,2.22608,FALSE,FALSE,24.54292403
Orange,2013,218,0.605477514,4.7485,2.270811,FALSE,TRUE,25.43573901
Orange,2014,223,0.618513566,4.8118,2.325257,FALSE,TRUE,26.34040021
Orange,2015,229,0.629791381,5.0024,2.389577,FALSE,TRUE,26.17019413
Orange,2016,236,0.638011143,5.0815,2.457432,FALSE,TRUE,24.54579976
Orange,2017,242,0.652853298,5.1499,2.519926,FALSE,TRUE,25.77185032
Orange,2018,247,0.670600478,5.1956,2.576297,FALSE,TRUE,26.93892031
Orange,2019,250,0.679458784,5.3652,2.608273,FALSE,TRUE,26.35122594
Philadelphia,2003,474,0.576069679,5.9015,6.132588,FALSE,FALSE,21.86970315
Philadelphia,2004,476,0.58096271,6.0803,6.165783,FALSE,FALSE,20.26842516
Philadelphia,2005,478,0.588637433,6.1182,6.191154,FALSE,FALSE,21.34231712
Philadelphia,2006,480,0.595292625,6.173,6.218965,FALSE,FALSE,23.02670679
Philadelphia,2007,482,0.600987412,6.3588,6.245214,FALSE,FALSE,20.70543169
Philadelphia,2008,484,0.600689264,6.4705,6.271036,FALSE,FALSE,22.12782036
Philadelphia,2009,487,0.582655388,6.2712,6.306927,FALSE,FALSE,22.96121463
Philadelphia,2010,490,0.579033428,6.3375,6.338919,FALSE,FALSE,21.45467573
Philadelphia,2011,492,0.58364855,6.3275,6.364402,FALSE,FALSE,23.46677656
Philadelphia,2012,493,0.585736194,6.4865,6.386416,FALSE,FALSE,22.99076925
Philadelphia,2013,495,0.59257391,6.5269,6.401323,FALSE,TRUE,23.81115348
Philadelphia,2014,496,0.601113465,6.6691,6.418883,FALSE,TRUE,24.2899701
Philadelphia,2015,497,0.610209565,6.8132,6.428403,FALSE,TRUE,25.19110508
Philadelphia,2016,497,0.623078215,6.8652,6.438089,FALSE,TRUE,24.85581094
Philadelphia,2017,498,0.63055625,6.7877,6.450844,FALSE,TRUE,25.71875199
Philadelphia,2018,500,0.640127909,6.8814,6.465525,FALSE,TRUE,25.42458165
Philadelphia,2019,500,0.643850814,7.0398,6.472824,FALSE,TRUE,26.98811102
Phoenix,2003,93,0.569842732,5.0377,3.536388,FALSE,FALSE,25.37962343
Phoenix,2004,96,0.57846493,5.1144,3.637332,FALSE,FALSE,24.26982525
Phoenix,2005,100,0.594795184,5.2939,3.774696,FALSE,FALSE,24.83122008
Phoenix,2006,103,0.603857686,5.3708,3.914212,FALSE,FALSE,23.89688488
Phoenix,2007,106,0.60368485,5.3802,4.018128,FALSE,FALSE,25.95752488
Phoenix,2008,108,0.57928288,5.1485,4.106372,FALSE,FALSE,24.15897824
Phoenix,2009,110,0.540906956,4.6818,4.153609,FALSE,FALSE,23.32026867
Phoenix,2010,111,0.525631563,4.6191,4.204289,FALSE,FALSE,24.61706628
Phoenix,2011,112,0.532426234,4.6576,4.253485,FALSE,FALSE,24.57454523
Phoenix,2012,114,0.533694212,4.731,4.330536,FALSE,FALSE,25.79004502
Phoenix,2013,116,0.539447182,4.699,4.404231,FALSE,TRUE,26.36991653
Phoenix,2014,118,0.543747836,4.7052,4.490405,FALSE,TRUE,24.65242786
Phoenix,2015,121,0.552245082,4.8022,4.580345,FALSE,TRUE,25.72338987
Phoenix,2016,123,0.558834872,4.8841,4.675331,FALSE,TRUE,27.72781832
Phoenix,2017,126,0.565775701,4.9602,4.760717,FALSE,TRUE,27.2922586
Phoenix,2018,128,0.57530437,5.0693,4.85183,FALSE,TRUE,27.47480031
Phoenix,2019,131,0.577136685,5.2094,4.953901,FALSE,TRUE,28.42524465
Pittsburgh,2003,351,0.646057285,5.6354,1.462279,FALSE,FALSE,21.40558206
Pittsburgh,2004,349,0.651213368,5.8086,1.451621,FALSE,FALSE,23.09957422
Pittsburgh,2005,346,0.654174646,5.8889,1.440146,FALSE,FALSE,24.21442696
Pittsburgh,2006,344,0.663040313,5.8751,1.432017,FALSE,FALSE,24.73813889
Pittsburgh,2007,343,0.674593926,6.0699,1.428741,FALSE,FALSE,22.85574813
Pittsburgh,2008,343,0.677791461,6.164,1.428311,FALSE,FALSE,23.74306371
Pittsburgh,2009,343,0.664502407,6.151,1.429742,FALSE,FALSE,24.40283678
Pittsburgh,2010,344,0.666089585,6.4057,1.431917,FALSE,FALSE,24.19619231
Pittsburgh,2011,345,0.677068149,6.4986,1.436526,FALSE,FALSE,24.51216557
Pittsburgh,2012,346,0.685840502,6.6242,1.439479,FALSE,FALSE,26.01108179
Pittsburgh,2013,346,0.689563114,6.7076,1.442116,FALSE,TRUE,25.30305877
Pittsburgh,2014,346,0.69515223,6.8261,1.441467,FALSE,TRUE,24.25395614
Pittsburgh,2015,345,0.702584809,7.0994,1.437166,FALSE,TRUE,26.97413234
Pittsburgh,2016,345,0.708605638,7.0781,1.434362,FALSE,TRUE,26.43699912
Pittsburgh,2017,343,0.72035795,7.3366,1.427575,FALSE,TRUE,26.74466142
Pittsburgh,2018,342,0.732943195,7.6284,1.424622,FALSE,TRUE,26.55865748
Pittsburgh,2019,342,0.731723022,7.739,1.422582,FALSE,TRUE,29.43370494
Portland,2003,122,0.607121379,5.3635,1.935496,FALSE,FALSE,21.49120721
Portland,2004,123,0.618401928,5.573,1.94985,FALSE,FALSE,22.56774381
Portland,2005,125,0.63000853,5.6502,1.976478,FALSE,FALSE,24.40484196
Portland,2006,127,0.638984441,5.7661,2.009966,FALSE,FALSE,26.33008875
Portland,2007,129,0.646666696,5.7675,2.041953,FALSE,FALSE,26.69929292
Portland,2008,131,0.636168179,5.8547,2.075316,FALSE,FALSE,24.3823434
Portland,2009,133,0.599766139,5.4699,2.10809,FALSE,FALSE,24.70310807
Portland,2010,135,0.591212637,5.5098,2.132972,FALSE,FALSE,23.48788399
Portland,2011,137,0.595048252,5.5745,2.163559,FALSE,FALSE,26.31448535
Portland,2012,139,0.599313379,5.5793,2.189272,FALSE,FALSE,24.07542282
Portland,2013,140,0.606903451,5.5393,2.212169,FALSE,TRUE,25.66424212
Portland,2014,142,0.617365181,5.6147,2.244503,FALSE,TRUE,27.24036821
Portland,2015,144,0.627650908,5.8841,2.281907,FALSE,TRUE,26.57716864
Portland,2016,147,0.634395691,6.037,2.324483,FALSE,TRUE,28.69157798
Portland,2017,149,0.646048271,6.1816,2.351945,FALSE,TRUE,26.83062261
Portland,2018,150,0.655818265,6.4207,2.368859,FALSE,TRUE,28.6255217
Portland,2019,151,0.655673404,6.5266,2.385552,FALSE,TRUE,29.40913794
Richmond,2003,87,0.652733165,5.8807,0.973816,FALSE,FALSE,24.6161901
Richmond,2004,88,0.656524449,5.8396,0.990053,FALSE,FALSE,26.34616759
Richmond,2005,90,0.663250077,6.0195,1.008413,FALSE,FALSE,25.95986064
Richmond,2006,92,0.663564874,5.9324,1.02876,FALSE,FALSE,23.88112676
Richmond,2007,93,0.669821433,5.9424,1.044874,FALSE,FALSE,29.76171734
Richmond,2008,94,0.659937979,5.8419,1.058354,FALSE,FALSE,26.42662035
Richmond,2009,95,0.632745183,5.7277,1.069568,FALSE,FALSE,25.62829883
Richmond,2010,96,0.623025712,5.7979,1.07849,FALSE,FALSE,24.26398647
Richmond,2011,97,0.629155561,5.8774,1.086887,FALSE,FALSE,26.09557191
Richmond,2012,98,0.63266085,5.9776,1.100449,FALSE,FALSE,25.89467615
Richmond,2013,99,0.636318756,6.092,1.112037,FALSE,TRUE,27.3548034
Richmond,2014,100,0.640843774,6.1244,1.124377,FALSE,TRUE,27.36698044
Richmond,2015,101,0.655115872,6.3908,1.135564,FALSE,TRUE,29.48728365
Richmond,2016,102,0.664867002,6.5,1.148177,FALSE,TRUE,28.20165701
Richmond,2017,103,0.671579022,6.4934,1.159661,FALSE,TRUE,28.84376607
Richmond,2018,104,0.675528215,6.5452,1.171729,FALSE,TRUE,28.99822587
Richmond,2019,105,0.676781385,6.65,1.183391,FALSE,TRUE,28.79269273
Sacramento,2003,143,0.570423772,5.0399,1.970542,FALSE,FALSE,22.53554058
Sacramento,2004,146,0.576196704,5.1359,2.008663,FALSE,FALSE,24.17569764
Sacramento,2005,148,0.585502617,5.2929,2.03485,FALSE,FALSE,24.32303737
Sacramento,2006,150,0.590026168,5.3767,2.057885,FALSE,FALSE,23.24442359
Sacramento,2007,151,0.591945028,5.3719,2.082217,FALSE,FALSE,22.97904557
Sacramento,2008,153,0.573465477,5.2454,2.10831,FALSE,FALSE,23.84549272
Sacramento,2009,155,0.545036075,5.0684,2.132657,FALSE,FALSE,24.70551363
Sacramento,2010,156,0.527752471,4.9289,2.15361,FALSE,FALSE,23.33820373
Sacramento,2011,158,0.524355835,4.9261,2.172929,FALSE,FALSE,25.2491046
Sacramento,2012,159,0.536966633,4.9322,2.190259,FALSE,FALSE,23.1026835
Sacramento,2013,161,0.548134489,5.0509,2.210494,FALSE,TRUE,24.47653462
Sacramento,2014,162,0.555452824,5.1235,2.235594,FALSE,TRUE,22.18812792
Sacramento,2015,164,0.565146383,5.3317,2.263042,FALSE,TRUE,24.63561687
Sacramento,2016,167,0.571250627,5.3752,2.292043,FALSE,TRUE,25.2262529
Sacramento,2017,169,0.576194898,5.4466,2.320595,FALSE,TRUE,26.37238826
Sacramento,2018,170,0.588317632,5.6004,2.343292,FALSE,TRUE,28.08221663
Sacramento,2019,172,0.590369826,5.7711,2.363654,FALSE,TRUE,26.79056702
Salt Lake,2003,40,0.651717954,5.0319,1.284726,FALSE,FALSE,25.96508515
Salt Lake,2004,40,0.658864747,5.2764,1.303568,FALSE,FALSE,25.71391689
Salt Lake,2005,41,0.673141293,5.5296,1.327953,FALSE,FALSE,26.66735828
Salt Lake,2006,42,0.688091913,5.8405,1.36042,FALSE,FALSE,25.91097673
Salt Lake,2007,43,0.706803576,5.9516,1.390607,FALSE,FALSE,28.30015353
Salt Lake,2008,44,0.699123533,5.7693,1.417738,FALSE,FALSE,25.76974523
Salt Lake,2009,45,0.66467916,5.4245,1.44402,FALSE,FALSE,26.776904
Salt Lake,2010,46,0.650004595,5.5144,1.469085,FALSE,FALSE,25.43896855
Salt Lake,2011,46,0.659049414,5.6883,1.490301,FALSE,FALSE,26.36730498
Salt Lake,2012,47,0.665951977,5.7547,1.51301,FALSE,FALSE,25.77451725
Salt Lake,2013,48,0.673734203,5.7934,1.537924,FALSE,TRUE,27.05344543
Salt Lake,2014,48,0.682081177,5.8781,1.558272,FALSE,TRUE,28.31516575
Salt Lake,2015,49,0.695516046,6.0442,1.580034,FALSE,TRUE,28.4219445
Salt Lake,2016,50,0.7072642,6.2411,1.609014,FALSE,TRUE,27.68160446
Salt Lake,2017,51,0.714674346,6.3789,1.636877,FALSE,TRUE,30.92672762
Salt Lake,2018,51,0.728671711,6.7055,1.657177,FALSE,TRUE,30.49248877
Salt Lake,2019,52,0.731446096,6.9127,1.674405,FALSE,TRUE,31.59967784
San Antonio,2003,83,0.554874877,4.1212,1.832323,FALSE,FALSE,22.92804497
San Antonio,2004,85,0.551894368,4.1721,1.874134,FALSE,FALSE,21.68414105
San Antonio,2005,87,0.559835458,4.2505,1.912946,FALSE,FALSE,20.78297655
San Antonio,2006,89,0.565771502,4.3699,1.973081,FALSE,FALSE,22.21269643
San Antonio,2007,92,0.571902151,4.3711,2.028319,FALSE,FALSE,24.62528899
San Antonio,2008,94,0.570628434,4.2954,2.078214,FALSE,FALSE,22.45144551
San Antonio,2009,96,0.555115621,4.1504,2.122792,FALSE,FALSE,24.16464047
San Antonio,2010,98,0.546981582,4.2158,2.170276,FALSE,FALSE,22.88821933
San Antonio,2011,100,0.548926695,4.3035,2.211441,FALSE,FALSE,24.20161817
San Antonio,2012,102,0.552236807,4.3473,2.255,FALSE,FALSE,22.26757336
San Antonio,2013,104,0.556714711,4.4752,2.298513,FALSE,TRUE,25.64102337
San Antonio,2014,106,0.563549602,4.6169,2.347914,FALSE,TRUE,24.86350991
San Antonio,2015,109,0.569509798,4.7262,2.398705,FALSE,TRUE,26.16397571
San Antonio,2016,111,0.579194536,4.7035,2.445598,FALSE,TRUE,25.76816872
San Antonio,2017,113,0.586354534,4.6406,2.491421,FALSE,TRUE,26.60184541
San Antonio,2018,115,0.59295038,4.7832,2.532647,FALSE,TRUE,26.12335146
San Antonio,2019,116,0.592732652,4.8372,2.570346,FALSE,TRUE,27.2216129
San Diego,2003,264,0.611418594,5.702,2.914702,FALSE,FALSE,21.4983292
San Diego,2004,265,0.618765075,5.9749,2.930007,FALSE,FALSE,22.48823999
San Diego,2005,266,0.625273153,6.2267,2.938375,FALSE,FALSE,24.82118596
San Diego,2006,266,0.631576679,6.3321,2.947289,FALSE,FALSE,24.44404851
San Diego,2007,269,0.635238875,6.3644,2.975742,FALSE,FALSE,24.51105458
San Diego,2008,273,0.622949285,6.1787,3.022116,FALSE,FALSE,24.39293839
San Diego,2009,277,0.595166671,5.9149,3.061203,FALSE,FALSE,24.62566371
San Diego,2010,281,0.581358636,5.8897,3.10326,FALSE,FALSE,23.497339
San Diego,2011,284,0.582749274,5.8891,3.137236,FALSE,FALSE,24.7982353
San Diego,2012,287,0.591245825,5.8732,3.175148,FALSE,FALSE,23.64780486
San Diego,2013,290,0.598282727,6.0355,3.210788,FALSE,TRUE,24.58986274
San Diego,2014,294,0.607219324,6.1283,3.249307,FALSE,TRUE,26.36069087
San Diego,2015,297,0.618733398,6.3251,3.280825,FALSE,TRUE,26.96957887
San Diego,2016,299,0.630294343,6.3429,3.305462,FALSE,TRUE,25.1520544
San Diego,2017,300,0.638487155,6.5041,3.319019,FALSE,TRUE,27.5456305
San Diego,2018,301,0.64480659,6.6203,3.332483,FALSE,TRUE,26.05659664
San Diego,2019,301,0.648085444,6.7983,3.330459,FALSE,TRUE,28.24702859
San Francisco,2003,429,0.641937813,7.9065,5.864755,FALSE,FALSE,22.76361792
San Francisco,2004,428,0.644209538,8.011,5.851416,FALSE,FALSE,23.88539232
San Francisco,2005,429,0.648107294,8.3531,5.867817,FALSE,FALSE,25.07750772
San Francisco,2006,431,0.65756437,8.6186,5.894007,FALSE,FALSE,25.98794022
San Francisco,2007,435,0.667011724,8.7694,5.949735,FALSE,FALSE,28.01637944
San Francisco,2008,442,0.657707202,8.9106,6.039163,FALSE,FALSE,27.67189989
San Francisco,2009,448,0.623640097,8.4125,6.122403,FALSE,FALSE,27.57649428
San Francisco,2010,453,0.61273984,8.5848,6.185431,FALSE,FALSE,27.40400067
San Francisco,2011,458,0.618621551,8.7563,6.264258,FALSE,FALSE,26.32678611
San Francisco,2012,465,0.636561969,9.1878,6.350227,FALSE,FALSE,27.14840553
San Francisco,2013,471,0.651459835,9.5154,6.443398,FALSE,TRUE,29.15536891
San Francisco,2014,478,0.667142656,9.9307,6.534454,FALSE,TRUE,28.88308948
San Francisco,2015,484,0.68598509,10.5272,6.622176,FALSE,TRUE,29.6684086
San Francisco,2016,488,0.700114195,11.0062,6.675431,FALSE,TRUE,29.30924819
San Francisco,2017,490,0.710760842,11.7632,6.703992,FALSE,TRUE,31.60727337
San Francisco,2018,492,0.724494357,12.421,6.719013,FALSE,TRUE,29.92555634
San Francisco,2019,491,0.726708728,13.013,6.70923,FALSE,TRUE,33.08654313
Seattle,2003,201,0.639056361,6.7798,3.133021,FALSE,FALSE,24.14814409
Seattle,2004,203,0.646096651,6.8457,3.158967,FALSE,FALSE,26.16165016
Seattle,2005,205,0.65631741,7.1863,3.198265,FALSE,FALSE,25.64868086
Seattle,2006,209,0.666202652,7.3825,3.257081,FALSE,FALSE,26.29243457
Seattle,2007,212,0.681680586,7.7785,3.304467,FALSE,FALSE,28.73621478
Seattle,2008,215,0.677317899,7.8009,3.355042,FALSE,FALSE,26.49337475
Seattle,2009,219,0.639192608,7.4813,3.414797,FALSE,FALSE,27.24578024
Seattle,2010,221,0.6246994,7.5788,3.449355,FALSE,FALSE,25.1383625
Seattle,2011,225,0.62503567,7.6517,3.504376,FALSE,FALSE,27.37526646
Seattle,2012,229,0.634540535,7.9197,3.559719,FALSE,FALSE,28.25829804
Seattle,2013,232,0.640153742,8.1112,3.613596,FALSE,TRUE,29.15393871
Seattle,2014,236,0.647399548,8.3006,3.676765,FALSE,TRUE,27.85163459
Seattle,2015,240,0.655879623,8.57,3.741711,FALSE,TRUE,29.62128629
Seattle,2016,245,0.661548273,8.7117,3.819753,FALSE,TRUE,30.00139661
Seattle,2017,250,0.669185434,9.0074,3.888807,FALSE,TRUE,30.22092521
Seattle,2018,253,0.677369102,9.4829,3.937546,FALSE,TRUE,31.14772862
Seattle,2019,255,0.679310722,9.8277,3.977785,FALSE,TRUE,32.0197345
St. Louis,2003,179,0.617603825,5.3571,2.51167,FALSE,FALSE,23.86736018
St. Louis,2004,180,0.617660276,5.4458,2.521195,FALSE,FALSE,22.75588938
St. Louis,2005,181,0.623293467,5.5427,2.528812,FALSE,FALSE,22.9168498
St. Louis,2006,182,0.627923986,5.5203,2.541693,FALSE,FALSE,26.84888005
St. Louis,2007,182,0.634185175,5.5512,2.551884,FALSE,FALSE,26.57560285
St. Louis,2008,183,0.631455785,5.6437,2.563147,FALSE,FALSE,23.5158277
St. Louis,2009,184,0.609045468,5.5505,2.575146,FALSE,FALSE,25.17371692
St. Louis,2010,185,0.60086413,5.6006,2.58526,FALSE,FALSE,25.48899669
St. Louis,2011,185,0.606659082,5.5843,2.590417,FALSE,FALSE,25.87277903
St. Louis,2012,185,0.607355616,5.6834,2.593474,FALSE,FALSE,25.5708268
St. Louis,2013,185,0.613474376,5.704,2.596855,FALSE,TRUE,24.8035251
St. Louis,2014,186,0.618370022,5.7912,2.60163,FALSE,TRUE,25.88903789
St. Louis,2015,186,0.628535505,5.8569,2.606311,FALSE,TRUE,25.97622841
St. Louis,2016,186,0.637193277,5.8297,2.604632,FALSE,TRUE,26.88283776
St. Louis,2017,186,0.643681643,5.8037,2.604435,FALSE,TRUE,26.73510944
St. Louis,2018,186,0.651954651,5.9214,2.602408,FALSE,TRUE,27.2916642
St. Louis,2019,186,0.651498782,5.9999,2.60278,FALSE,TRUE,28.71486073
Tampa-Hillsborough,2003,382,0.687675296,5.7236,1.077462,FALSE,FALSE,23.35740484
Tampa-Hillsborough,2004,393,0.69349365,6.0086,1.108225,FALSE,FALSE,21.40547271
Tampa-Hillsborough,2005,405,0.696463469,6.1411,1.143154,FALSE,FALSE,22.39123107
Tampa-Hillsborough,2006,415,0.69052658,6.1353,1.171826,FALSE,FALSE,22.09659496
Tampa-Hillsborough,2007,420,0.69604182,6.1272,1.184686,FALSE,FALSE,24.3251792
Tampa-Hillsborough,2008,424,0.667327054,5.8797,1.196773,FALSE,FALSE,22.61232098
Tampa-Hillsborough,2009,430,0.624774103,5.679,1.21405,FALSE,FALSE,23.53835942
Tampa-Hillsborough,2010,437,0.609205755,5.6497,1.233511,FALSE,FALSE,21.52308132
Tampa-Hillsborough,2011,445,0.612552652,5.5666,1.255639,FALSE,FALSE,22.11630158
Tampa-Hillsborough,2012,454,0.617502213,5.5795,1.279861,FALSE,FALSE,20.93837478
Tampa-Hillsborough,2013,462,0.626816633,5.6265,1.304474,FALSE,TRUE,23.88552167
Tampa-Hillsborough,2014,472,0.633338636,5.5978,1.332742,FALSE,TRUE,22.38614751
Tampa-Hillsborough,2015,484,0.642987004,5.7807,1.364645,FALSE,TRUE,21.66101784
Tampa-Hillsborough,2016,495,0.645697389,5.8733,1.398093,FALSE,TRUE,22.78430811
Tampa-Hillsborough,2017,506,0.653641809,5.8554,1.42896,FALSE,TRUE,21.2555067
Tampa-Hillsborough,2018,516,0.663705869,5.9304,1.455351,FALSE,TRUE,23.83859117
Tampa-Hillsborough,2019,523,0.673799182,6.1217,1.476431,FALSE,TRUE,24.43632684
Tampa-Pinellas,2003,459,0.507662443,3.8781,1.309504,FALSE,FALSE,17.5706007
Tampa-Pinellas,2004,466,0.517054362,3.976,1.329953,FALSE,FALSE,19.14864251
Tampa-Pinellas,2005,473,0.522319004,4.0713,1.35127,FALSE,FALSE,17.65709336
Tampa-Pinellas,2006,478,0.530937273,4.1308,1.363711,FALSE,FALSE,19.09912482
Tampa-Pinellas,2007,481,0.529324743,4.1467,1.372203,FALSE,FALSE,18.77129083
Tampa-Pinellas,2008,483,0.508130161,3.9528,1.377771,FALSE,FALSE,17.95991309
Tampa-Pinellas,2009,483,0.487984574,3.8471,1.377937,FALSE,FALSE,15.88533212
Tampa-Pinellas,2010,484,0.477460013,3.8268,1.381944,FALSE,FALSE,18.92955859
Tampa-Pinellas,2011,485,0.477989002,3.7236,1.385103,FALSE,FALSE,17.57387977
Tampa-Pinellas,2012,488,0.483062162,3.7392,1.391618,FALSE,FALSE,18.35735919
Tampa-Pinellas,2013,492,0.48899488,3.7601,1.403256,FALSE,TRUE,17.33986407
Tampa-Pinellas,2014,498,0.496303289,3.8128,1.420452,FALSE,TRUE,19.19738195
Tampa-Pinellas,2015,505,0.505188544,3.9226,1.442794,FALSE,TRUE,19.39711776
Tampa-Pinellas,2016,515,0.50724481,3.9536,1.470846,FALSE,TRUE,19.49002625
Tampa-Pinellas,2017,524,0.519045863,3.9494,1.494419,FALSE,TRUE,19.60603872
Tampa-Pinellas,2018,530,0.53174472,3.9976,1.512472,FALSE,TRUE,21.16080995
Tampa-Pinellas,2019,536,0.531107971,4.0722,1.529399,FALSE,TRUE,21.29054057
Virginia Beach,2003,182,0.617051882,5.0281,1.098389,FALSE,FALSE,23.29258741
Virginia Beach,2004,185,0.621503416,5.1627,1.118985,FALSE,FALSE,26.25869722
Virginia Beach,2005,185,0.626774016,5.3272,1.121819,FALSE,FALSE,22.76994637
Virginia Beach,2006,187,0.628942511,5.3795,1.134366,FALSE,FALSE,23.25622784
Virginia Beach,2007,187,0.638456713,5.4665,1.130263,FALSE,FALSE,23.02553186
Virginia Beach,2008,187,0.632127544,5.4349,1.129965,FALSE,FALSE,24.56517412
Virginia Beach,2009,188,0.608215184,5.3482,1.134582,FALSE,FALSE,23.24351058
Virginia Beach,2010,189,0.596344096,5.3399,1.145052,FALSE,FALSE,21.26627304
Virginia Beach,2011,190,0.595458109,5.242,1.151767,FALSE,FALSE,22.83505239
Virginia Beach,2012,192,0.592832409,5.1415,1.16092,FALSE,FALSE,24.17033404
Virginia Beach,2013,193,0.595041897,5.127,1.165607,FALSE,TRUE,25.3142119
Virginia Beach,2014,194,0.597320645,5.0887,1.172521,FALSE,TRUE,22.93189289
Virginia Beach,2015,195,0.606601912,5.211,1.177568,FALSE,TRUE,24.31064645
Virginia Beach,2016,195,0.625028474,5.2769,1.180903,FALSE,TRUE,25.28599027
Virginia Beach,2017,195,0.629741297,5.2304,1.182746,FALSE,TRUE,24.91065195
Virginia Beach,2018,196,0.617825652,5.1018,1.186066,FALSE,TRUE,26.08240762
Virginia Beach,2019,197,0.612429005,5.1604,1.190409,FALSE,TRUE,25.73702818
Wake,2003,194,0.654433504,5.5456,0.831374,FALSE,FALSE,23.61807594
Wake,2004,200,0.656126699,5.6279,0.856391,FALSE,FALSE,22.82842865
Wake,2005,208,0.661420718,5.7078,0.890465,FALSE,FALSE,25.3735361
Wake,2006,218,0.666574566,5.7952,0.933759,FALSE,FALSE,24.10994063
Wake,2007,228,0.673999439,5.777,0.977302,FALSE,FALSE,25.59862925
Wake,2008,237,0.653356092,5.645,1.018238,FALSE,FALSE,23.61116923
Wake,2009,245,0.616523919,5.3134,1.050102,FALSE,FALSE,23.98199173
Wake,2010,251,0.602100597,5.4649,1.076551,FALSE,FALSE,22.83211426
Wake,2011,257,0.608320425,5.3316,1.101362,FALSE,FALSE,22.65912848
Wake,2012,263,0.612864831,5.3652,1.126653,FALSE,FALSE,23.14942557
Wake,2013,268,0.616784227,5.5723,1.151748,FALSE,TRUE,24.22675084
Wake,2014,275,0.626845175,5.7424,1.178953,FALSE,TRUE,24.49417349
Wake,2015,282,0.640479602,6.0606,1.208001,FALSE,TRUE,26.8848919
Wake,2016,289,0.645305556,6.2743,1.23987,FALSE,TRUE,24.61527284
Wake,2017,296,0.650293458,6.389,1.269004,FALSE,TRUE,24.99331743
Wake,2018,302,0.660175428,6.5974,1.295233,FALSE,TRUE,28.26590722
Wake,2019,308,0.662814603,6.6806,1.322581,FALSE,TRUE,27.44210419
Washington,2003,327,0.662016614,6.702,7.78751,FALSE,FALSE,23.21408085
Washington,2004,331,0.669963413,6.9619,7.881305,FALSE,FALSE,26.12679386
Washington,2005,335,0.677013225,7.1757,7.9698,FALSE,FALSE,26.34227879
Washington,2006,337,0.684516943,7.2432,8.030184,FALSE,FALSE,24.3096217
Washington,2007,340,0.692021576,7.2934,8.094606,FALSE,FALSE,26.40650652
Washington,2008,344,0.686508528,7.4045,8.17976,FALSE,FALSE,26.97823506
Washington,2009,349,0.667462162,7.3426,8.299654,FALSE,FALSE,27.60458602
Washington,2010,355,0.658212025,7.5199,8.439191,FALSE,FALSE,28.05547767
Washington,2011,360,0.660263265,7.496,8.56399,FALSE,FALSE,27.36949339
Washington,2012,365,0.66046024,7.4232,8.683687,FALSE,FALSE,28.40720142
Washington,2013,369,0.662429952,7.3678,8.78322,FALSE,TRUE,27.37313647
Washington,2014,373,0.66467605,7.3893,8.865594,FALSE,TRUE,26.88485133
Washington,2015,376,0.673275522,7.5781,8.939269,FALSE,TRUE,27.28445281
Washington,2016,378,0.681604567,7.76,9.000283,FALSE,TRUE,29.23456174
Washington,2017,381,0.685818842,7.8089,9.067412,FALSE,TRUE,27.0147813
Washington,2018,383,0.695055524,7.894,9.108691,FALSE,TRUE,30.03386639
Washington,2019,385,0.693632494,7.9967,9.151323,FALSE,TRUE,28.52216272